mode,backend,iter,fault_param,pre_fault_height,verify_result,recovery_s,best_after,mismatches
power-loss,paritydb,1,33,0,PASS,13,10,0
power-loss,rocksdb,1,58,0,PASS,11,24,0
oom,paritydb,1,24,5,PASS,11,7,0
oom,rocksdb,1,22,4,PASS,11,6,0
power-loss,paritydb,2,59,0,PASS,14,24,0
power-loss,rocksdb,2,57,0,PASS,11,21,0
oom,paritydb,2,43,12,PASS,11,14,0
oom,rocksdb,2,55,19,PASS,10,21,0
power-loss,paritydb,3,36,0,PASS,14,12,0
power-loss,rocksdb,3,38,0,PASS,12,12,0
oom,paritydb,3,59,24,PASS,11,34,0
oom,rocksdb,3,53,20,PASS,11,21,0
power-loss,paritydb,4,56,0,PASS,13,24,0
power-loss,rocksdb,4,22,0,PASS,11,6,0
oom,paritydb,4,26,6,PASS,13,7,0
oom,rocksdb,4,21,4,PASS,11,5,0
power-loss,paritydb,5,53,0,PASS,13,20,0
power-loss,rocksdb,5,41,0,PASS,11,13,0
oom,paritydb,5,38,11,PASS,14,12,0
oom,rocksdb,5,21,4,PASS,11,6,0
power-loss,paritydb,6,39,0,PASS,15,13,0
power-loss,rocksdb,6,55,0,PASS,11,21,0
oom,paritydb,6,21,4,PASS,11,6,0
oom,rocksdb,6,38,11,PASS,11,12,0
power-loss,paritydb,7,21,0,PASS,13,6,0
power-loss,rocksdb,7,29,0,PASS,11,8,0
oom,paritydb,7,31,7,PASS,12,10,0
oom,rocksdb,7,41,12,PASS,10,13,0
power-loss,paritydb,8,25,0,PASS,12,7,0
power-loss,rocksdb,8,32,0,PASS,11,10,0
oom,paritydb,8,25,5,PASS,12,7,0
oom,rocksdb,8,54,20,PASS,12,21,0
power-loss,paritydb,9,55,0,PASS,13,20,0
power-loss,rocksdb,9,57,0,PASS,11,24,0
oom,paritydb,9,48,14,PASS,13,17,0
oom,rocksdb,9,28,6,PASS,10,8,0
power-loss,paritydb,10,43,0,PASS,14,14,0
power-loss,rocksdb,10,39,0,PASS,12,12,0
oom,paritydb,10,37,10,PASS,12,12,0
oom,rocksdb,10,24,5,PASS,10,6,0
power-loss,paritydb,11,35,0,PASS,13,11,0
power-loss,rocksdb,11,33,0,PASS,11,10,0
oom,paritydb,11,43,9,PASS,13,11,0
oom,rocksdb,11,56,16,PASS,12,19,0
power-loss,paritydb,12,53,0,PASS,13,20,0
power-loss,rocksdb,12,40,0,PASS,12,12,0
oom,paritydb,12,46,13,PASS,11,16,0
oom,rocksdb,12,52,16,PASS,11,20,0
power-loss,paritydb,13,47,0,FAIL_REOPEN,30,0,0
power-loss,rocksdb,13,33,0,PASS,12,0,0
oom,paritydb,13,53,19,PASS,12,20,0
oom,rocksdb,13,49,14,PASS,11,18,0
power-loss,paritydb,14,51,0,PASS,14,20,0
power-loss,rocksdb,14,28,0,PASS,11,8,0
oom,paritydb,14,25,5,PASS,13,7,0
oom,rocksdb,14,23,5,PASS,11,6,0
power-loss,paritydb,15,52,0,PASS,12,19,0
power-loss,rocksdb,15,40,0,PASS,10,13,0
oom,paritydb,15,26,6,PASS,12,8,0
oom,rocksdb,15,24,5,PASS,11,7,0
power-loss,paritydb,16,58,0,PASS,13,26,0
power-loss,rocksdb,16,44,0,PASS,12,14,0
oom,paritydb,16,25,5,PASS,13,7,0
oom,rocksdb,16,49,15,PASS,11,19,0
power-loss,paritydb,17,21,0,PASS,13,6,0
power-loss,rocksdb,17,44,0,PASS,11,14,0
oom,paritydb,17,53,19,PASS,13,21,0
oom,rocksdb,17,53,16,PASS,11,21,0
power-loss,paritydb,18,55,0,PASS,13,22,0
power-loss,rocksdb,18,50,0,PASS,11,20,0
oom,paritydb,18,54,20,PASS,12,25,0
oom,rocksdb,18,22,4,PASS,11,6,0
power-loss,paritydb,19,43,0,PASS,14,16,0
power-loss,rocksdb,19,37,0,PASS,11,12,0
oom,paritydb,19,46,14,PASS,11,17,0
oom,rocksdb,19,24,5,PASS,11,7,0
power-loss,paritydb,20,22,0,PASS,13,6,0
power-loss,rocksdb,20,47,0,PASS,10,16,0
oom,paritydb,20,25,5,PASS,12,7,0
oom,rocksdb,20,37,10,PASS,11,12,0
power-loss,paritydb,21,29,0,PASS,14,9,0
power-loss,rocksdb,21,23,0,PASS,11,6,0
oom,paritydb,21,43,12,PASS,12,14,0
oom,rocksdb,21,20,3,PASS,11,5,0
power-loss,paritydb,22,48,0,PASS,14,19,0
power-loss,rocksdb,22,54,0,PASS,11,21,0
oom,paritydb,22,42,12,PASS,12,14,0
oom,rocksdb,22,48,14,PASS,10,16,0
power-loss,paritydb,23,52,0,PASS,14,21,0
power-loss,rocksdb,23,29,0,PASS,11,8,0
oom,paritydb,23,42,12,PASS,11,14,0
oom,rocksdb,23,50,16,PASS,11,19,0
power-loss,paritydb,24,23,0,PASS,12,7,0
power-loss,rocksdb,24,56,0,PASS,11,24,0
oom,paritydb,24,32,9,PASS,12,10,0
oom,rocksdb,24,49,15,PASS,12,19,0
power-loss,paritydb,25,35,0,PASS,14,11,0
power-loss,rocksdb,25,30,0,PASS,11,10,0
oom,paritydb,25,35,10,PASS,15,11,0
oom,rocksdb,25,44,13,PASS,11,14,0
power-loss,paritydb,26,34,0,PASS,12,11,0
power-loss,rocksdb,26,25,0,PASS,11,7,0
oom,paritydb,26,42,12,PASS,16,14,0
oom,rocksdb,26,48,14,PASS,11,17,0
power-loss,paritydb,27,27,0,PASS,13,8,0
power-loss,rocksdb,27,32,0,PASS,12,9,0
oom,paritydb,27,29,5,PASS,16,6,0
oom,rocksdb,27,24,4,PASS,25,5,0
power-loss,paritydb,28,38,0,PASS,11,12,0
power-loss,rocksdb,28,51,0,PASS,11,20,0
oom,paritydb,28,39,9,PASS,14,10,0
oom,rocksdb,28,48,6,PASS,22,7,0
power-loss,paritydb,29,36,0,PASS,19,4,0
power-loss,rocksdb,29,46,0,FAIL_REOPEN,30,0,0
oom,paritydb,29,56,14,PASS,13,17,0
oom,rocksdb,29,37,10,PASS,11,11,0
power-loss,paritydb,30,46,0,PASS,15,16,0
power-loss,rocksdb,30,57,0,PASS,11,23,0
oom,paritydb,30,48,14,PASS,14,16,0
oom,rocksdb,30,51,16,PASS,11,20,0
power-loss,paritydb,31,36,0,PASS,14,12,0
power-loss,rocksdb,31,26,0,PASS,11,7,0
oom,paritydb,31,34,8,PASS,13,10,0
oom,rocksdb,31,30,7,PASS,11,9,0
power-loss,paritydb,32,27,0,PASS,13,9,0
power-loss,rocksdb,32,51,0,PASS,12,19,0
oom,paritydb,32,47,14,PASS,12,16,0
oom,rocksdb,32,59,17,PASS,11,21,0
power-loss,paritydb,33,20,0,PASS,13,5,0
power-loss,rocksdb,33,40,0,PASS,11,13,0
oom,paritydb,33,46,13,PASS,12,14,0
oom,rocksdb,33,24,5,PASS,11,6,0
power-loss,paritydb,34,60,0,PASS,14,43,0
power-loss,rocksdb,34,25,0,PASS,11,7,0
oom,paritydb,34,22,4,PASS,12,6,0
oom,rocksdb,34,49,16,PASS,11,20,0
power-loss,paritydb,35,48,0,PASS,13,20,0
power-loss,rocksdb,35,39,0,PASS,11,12,0
oom,paritydb,35,32,9,PASS,11,10,0
oom,rocksdb,35,48,16,PASS,11,19,0
power-loss,paritydb,36,36,0,PASS,13,12,0
power-loss,rocksdb,36,60,0,PASS,11,53,0
oom,paritydb,36,59,25,PASS,12,46,0
oom,rocksdb,36,52,19,PASS,10,21,0
power-loss,paritydb,37,42,0,PASS,13,14,0
power-loss,rocksdb,37,34,0,PASS,12,10,0
oom,paritydb,37,56,20,PASS,12,24,0
oom,rocksdb,37,56,16,PASS,12,20,0
power-loss,paritydb,38,36,0,PASS,13,12,0
power-loss,rocksdb,38,39,0,PASS,12,12,0
oom,paritydb,38,56,21,PASS,15,24,0
oom,rocksdb,38,42,12,PASS,11,13,0
power-loss,paritydb,39,21,0,PASS,14,6,0
power-loss,rocksdb,39,60,0,PASS,12,38,0
oom,paritydb,39,48,14,PASS,14,17,0
oom,rocksdb,39,56,20,PASS,12,24,0
power-loss,paritydb,40,39,0,PASS,24,9,0
power-loss,rocksdb,40,21,0,PASS,24,2,0
oom,paritydb,40,49,6,PASS,22,7,0
oom,rocksdb,40,51,6,PASS,24,7,0
power-loss,paritydb,41,46,0,PASS,22,8,0
power-loss,rocksdb,41,46,0,PASS,18,7,0
oom,paritydb,41,25,4,PASS,21,5,0
oom,rocksdb,41,54,15,PASS,12,17,0
power-loss,paritydb,42,55,0,PASS,14,20,0
power-loss,rocksdb,42,39,0,PASS,13,12,0
oom,paritydb,42,42,8,PASS,16,10,0
oom,rocksdb,42,57,21,PASS,12,24,0
power-loss,paritydb,43,36,0,PASS,14,12,0
power-loss,rocksdb,43,31,0,PASS,12,9,0
oom,paritydb,43,28,6,PASS,15,9,0
oom,rocksdb,43,29,8,PASS,11,9,0
power-loss,paritydb,44,46,0,PASS,18,16,0
power-loss,rocksdb,44,57,0,PASS,11,19,0
oom,paritydb,44,60,21,PASS,16,26,0
oom,rocksdb,44,27,5,PASS,12,7,0
power-loss,paritydb,45,43,0,PASS,13,14,0
power-loss,rocksdb,45,48,0,PASS,11,17,0
oom,paritydb,45,38,11,PASS,13,12,0
oom,rocksdb,45,27,6,PASS,11,7,0
power-loss,paritydb,46,49,0,PASS,14,17,0
power-loss,rocksdb,46,39,0,PASS,11,12,0
oom,paritydb,46,29,7,PASS,16,9,0
oom,rocksdb,46,32,7,PASS,11,9,0
power-loss,paritydb,47,52,0,PASS,14,19,0
